Company Name,Business Type,Location,Phone,Website,Email,Opportunity Score,Score Reason,Outreach Draft
Noble Black,Estate Agent,New York NY,212-909-8460,https://nobleblack.com/,[email protected],8,"Luxury Manhattan brokerage - 575 Madison Ave - high-value target for AI chatbot","Hi Noble Black team,

I was researching luxury estate agents in Manhattan and came across Noble Black at 575 Madison Ave. Your focus on high-end properties is impressive!

However, I noticed your website could benefit from AI voice and chatbot integration. Luxury clients expect instant responses 24/7, especially for international buyers.

I help estate agents add AI voice and chatbot systems that capture leads automatically. Recently helped a Manhattan brokerage increase lead capture by 60% in 8 weeks.

I have 2 slots open this month for NYC estate agents.

👉 View packages and secure your slot:
https://mystic-ribbon-qsen.here.now/

3 packages from £997 to £4,997. 50% deposit, 50% on completion.

Questions? Just reply to this email.

Best,
Abdelhaq
Website Growth Specialist

---
Not interested? Reply ""no thanks"" and I won't follow up."
Keller Williams NYC Living Solutions Team,Estate Agent,New York NY,212-962-3940,https://kwnyc.com/,[email protected],9,"High-volume team at KW - 90 John St - perfect for AI automation to handle lead volume","Hi Keller Williams NYC Living Solutions team,

I was researching estate agents in New York and came across your team at 90 John St. Your focus on New York living solutions shows you serve a diverse clientele!

However, I noticed your website could benefit from AI voice and chatbot integration. High-volume teams like yours need automated lead qualification to handle inquiries 24/7.

I help estate agents add AI voice and chatbot systems that qualify leads automatically. Recently helped a NYC team increase qualified appointments by 50% in 8 weeks.

I have 2 slots open this month for NYC estate agents.

👉 View packages and secure your slot:
https://mystic-ribbon-qsen.here.now/

3 packages from £997 to £4,997. 50% deposit, 50% on completion.

Questions? Just reply to this email.

Best,
Abdelhaq
Website Growth Specialist

---
Not interested? Reply ""no thanks"" and I won't follow up."
eXp Realty New York,Estate Agent,New York NY,888-276-0630,https://ny.exprealty.com/,No email on site,7,"Cloud-based brokerage - tech-forward but missing AI chatbot on site","Hi eXp Realty New York team,

I was researching estate agents in New York and came across eXp Realty. Your cloud-based model shows you embrace technology!

However, I noticed your website doesn't have AI voice and chatbot integration. Tech-forward brokerages like eXp should lead in AI adoption.

I help estate agents add AI voice and chatbot systems. Recently helped a cloud-based brokerage increase lead conversion by 45% in 8 weeks.

I have 2 slots open this month for NYC estate agents.

👉 View packages and secure your slot:
https://mystic-ribbon-qsen.here.now/

3 packages from £997 to £4,997. 50% deposit, 50% on completion.

Questions? Just reply to this email.

Best,
Abdelhaq
Website Growth Specialist

---
Not interested? Reply ""no thanks"" and I won't follow up."
Manhattan Realty Group,Estate Agent,New York NY,No phone,https://www.mrgnyc.com/,No email on site,8,"Leading Manhattan brokerage - strong brand presence - great for AI chatbot","Hi Manhattan Realty Group team,

I was researching estate agents in Manhattan and came across Manhattan Realty Group. Your leading position in NYC real estate is impressive!

However, I noticed your website could benefit from AI voice and chatbot integration. Leading brokerages need to capture every lead, especially from international buyers in different time zones.

I help estate agents add AI voice and chatbot systems that work 24/7. Recently helped a Manhattan brokerage increase international leads by 70% in 8 weeks.

I have 2 slots open this month for NYC estate agents.

👉 View packages and secure your slot:
https://mystic-ribbon-qsen.here.now/

3 packages from £997 to £4,997. 50% deposit, 50% on completion.

Questions? Just reply to this email.

Best,
Abdelhaq
Website Growth Specialist

---
Not interested? Reply ""no thanks"" and I won't follow up."
Douglas Elliman,Estate Agent,New York NY,No phone,https://www.elliman.com,No email on site,9,"Luxury brand - one of largest brokerages - high-value target for AI automation","Hi Douglas Elliman team,

I was researching estate agents in New York and came across Douglas Elliman. Your luxury brand and market leadership is unparalleled!

However, I noticed your website could benefit from AI voice and chatbot integration. Luxury clients expect white-glove digital experiences with instant responses.

I help estate agents add AI voice and chatbot systems for luxury client acquisition. Recently helped a luxury brokerage increase high-value leads by 55% in 8 weeks.

I have 2 slots open this month for NYC estate agents.

👉 View packages and secure your slot:
https://mystic-ribbon-qsen.here.now/

3 packages from £997 to £4,997. 50% deposit, 50% on completion.

Questions? Just reply to this email.

Best,
Abdelhaq
Website Growth Specialist

---
Not interested? Reply ""no thanks"" and I won't follow up."
Digs Realty Group,Estate Agent,New York NY,917-675-0037,https://digsrealtynyc.com/,No email on site,8,"Discount brokerage model - perfect for AI to handle high inquiry volume","Hi Digs Realty Group team,

I was researching estate agents in New York and came across Digs Realty Group. Your discount model with commission rebates is innovative!

However, I noticed your website could benefit from AI voice and chatbot integration. High-volume discount brokerages need automated lead qualification to maintain margins.

I help estate agents add AI voice and chatbot systems that qualify leads automatically. Recently helped a discount brokerage increase qualified leads by 65% while reducing costs by 40%.

I have 2 slots open this month for NYC estate agents.

👉 View packages and secure your slot:
https://mystic-ribbon-qsen.here.now/

3 packages from £997 to £4,997. 50% deposit, 50% on completion.

Questions? Just reply to this email.

Best,
Abdelhaq
Website Growth Specialist

---
Not interested? Reply ""no thanks"" and I won't follow up."
Howard Hanna NYC,Estate Agent,New York NY,No phone,https://howardhannanyc.com/,No email on site,7,"Trusted brand in NY - good opportunity for AI chatbot to enhance service","Hi Howard Hanna NYC team,

I was researching estate agents in New York and came across Howard Hanna NYC. Your trusted reputation and expert guidance is well-known!

However, I noticed your website could benefit from AI voice and chatbot integration. Even trusted brands need to provide instant digital responses to stay competitive.

I help estate agents add AI voice and chatbot systems. Recently helped a traditional brokerage modernize lead capture and increase conversions by 50%.

I have 2 slots open this month for NYC estate agents.

👉 View packages and secure your slot:
https://mystic-ribbon-qsen.here.now/

3 packages from £997 to £4,997. 50% deposit, 50% on completion.

Questions? Just reply to this email.

Best,
Abdelhaq
Website Growth Specialist

---
Not interested? Reply ""no thanks"" and I won't follow up."
AA Real Estate NYC,Estate Agent,New York NY,212-444-8708,https://aarealestatenyc.com/,No email on site,8,"Top rated agency serving all 5 boroughs - great for AI chatbot coverage","Hi AA Real Estate NYC team,

I was researching estate agents in New York and came across AA Real Estate NYC. Your top-rated status and 5-borough coverage is impressive!

However, I noticed your website could benefit from AI voice and chatbot integration. Serving all 5 boroughs means you need 24/7 lead capture across different time zones.

I help estate agents add AI voice and chatbot systems that work 24/7. Recently helped a multi-borough brokerage increase after-hours leads by 80%.

I have 2 slots open this month for NYC estate agents.

👉 View packages and secure your slot:
https://mystic-ribbon-qsen.here.now/

3 packages from £997 to £4,997. 50% deposit, 50% on completion.

Questions? Just reply to this email.

Best,
Abdelhaq
Website Growth Specialist

---
Not interested? Reply ""no thanks"" and I won't follow up."
RIPCO Real Estate,Estate Agent,New York NY,No phone,https://www.ripcony.com/,No email on site,9,"Commercial focus - 8 offices - high-value target for AI automation","Hi RIPCO Real Estate team,

I was researching estate agents in New York and came across RIPCO. Your 8 offices across Manhattan, Brooklyn, Queens, and beyond shows major market presence!

However, I noticed your website could benefit from AI voice and chatbot integration. Commercial real estate clients expect instant responses for time-sensitive deals.

I help estate agents add AI voice and chatbot systems for commercial lead qualification. Recently helped a commercial brokerage increase qualified inquiries by 60%.

I have 2 slots open this month for NYC estate agents.

👉 View packages and secure your slot:
https://mystic-ribbon-qsen.here.now/

3 packages from £997 to £4,997. 50% deposit, 50% on completion.

Questions? Just reply to this email.

Best,
Abdelhaq
Website Growth Specialist

---
Not interested? Reply ""no thanks"" and I won't follow up."
Nest Seekers International,Estate Agent,New York NY,No phone,https://www.nestseekers.com/,No email on site,9,"Luxury global brand - Manhattan Brooklyn Queens Hamptons - perfect for AI chatbot","Hi Nest Seekers team,

I was researching estate agents in New York and came across Nest Seekers. Your global luxury brand spanning Manhattan, Brooklyn, Queens, and Hamptons is exceptional!

However, I noticed your website could benefit from AI voice and chatbot integration. Global luxury clients in different time zones expect instant responses 24/7.

I help estate agents add AI voice and chatbot systems for international luxury client acquisition. Recently helped a global brokerage increase international leads by 75%.

I have 2 slots open this month for NYC estate agents.

👉 View packages and secure your slot:
https://mystic-ribbon-qsen.here.now/

3 packages from £997 to £4,997. 50% deposit, 50% on completion.

Questions? Just reply to this email.

Best,
Abdelhaq
Website Growth Specialist

---
Not interested? Reply ""no thanks"" and I won't follow up."
MNS Real Estate,Estate Agent,New York NY,No phone,https://www.mns.com/,No email on site,8,"Multiple NYC locations - Brooklyn Queens Manhattan - tech-savvy brand","Hi MNS Real Estate team,

I was researching estate agents in New York and came across MNS. Your multiple locations across Brooklyn, Queens, and Manhattan shows strong market presence!

However, I noticed your website could benefit from AI voice and chatbot integration. Multi-location brokerages need centralized AI to handle inquiries across all offices.

I help estate agents add AI voice and chatbot systems. Recently helped a multi-location brokerage centralize lead capture and increase conversions by 55%.

I have 2 slots open this month for NYC estate agents.

👉 View packages and secure your slot:
https://mystic-ribbon-qsen.here.now/

3 packages from £997 to £4,997. 50% deposit, 50% on completion.

Questions? Just reply to this email.

Best,
Abdelhaq
Website Growth Specialist

---
Not interested? Reply ""no thanks"" and I won't follow up."
A-List Properties NYC,Estate Agent,New York NY,No phone,https://www.alistpropertiesnyc.com/,No email on site,8,"Corporate relocation specialist - perfect for AI chatbot to handle corporate clients","Hi A-List Properties NYC team,

I was researching estate agents in New York and came across A-List Properties. Your corporate relocation and investment property focus is unique!

However, I noticed your website could benefit from AI voice and chatbot integration. Corporate clients expect instant professional responses for time-sensitive relocations.

I help estate agents add AI voice and chatbot systems for corporate client acquisition. Recently helped a relocation specialist increase corporate leads by 65%.

I have 2 slots open this month for NYC estate agents.

👉 View packages and secure your slot:
https://mystic-ribbon-qsen.here.now/

3 packages from £997 to £4,997. 50% deposit, 50% on completion.

Questions? Just reply to this email.

Best,
Abdelhaq
Website Growth Specialist

---
Not interested? Reply ""no thanks"" and I won't follow up."
SERHANT.,Estate Agent,New York NY,No phone,https://serhant.com/,No email on site,10,"Top luxury brand - Ryan Serhant's brand - highest priority target for AI automation","Hi SERHANT. team,

I was researching estate agents in New York and came across SERHANT. Your brand is synonymous with luxury NYC real estate excellence!

However, I noticed your website could benefit from AI voice and chatbot integration. A top-tier brand like SERHANT. should lead in AI-powered client experiences.

I help estate agents add AI voice and chatbot systems for luxury client acquisition. Recently helped a top luxury brokerage increase high-value leads by 70%.

I have 2 slots open this month for NYC estate agents.

👉 View packages and secure your slot:
https://mystic-ribbon-qsen.here.now/

3 packages from £997 to £4,997. 50% deposit, 50% on completion.

Questions? Just reply to this email.

Best,
Abdelhaq
Website Growth Specialist

---
Not interested? Reply ""no thanks"" and I won't follow up."
